iter	Logloss
0	0.690679162811	0.688289534522	0.685702365633	0.682932326644	0.680358729855	0.6780732849
